Seed,Task,Success_Rate
SAC_MT10_seed1,reach-v3,100.0
SAC_MT10_seed1,push-v3,86.0
SAC_MT10_seed1,pick-place-v3,20.0
SAC_MT10_seed1,door-open-v3,100.0
SAC_MT10_seed1,drawer-open-v3,100.0
SAC_MT10_seed1,drawer-close-v3,100.0
SAC_MT10_seed1,button-press-topdown-v3,100.0
SAC_MT10_seed1,peg-insert-side-v3,0.0
SAC_MT10_seed1,window-open-v3,100.0
SAC_MT10_seed1,window-close-v3,100.0
SAC_MT10_seed10,reach-v3,100.0
SAC_MT10_seed10,push-v3,98.0
SAC_MT10_seed10,pick-place-v3,88.0
SAC_MT10_seed10,door-open-v3,100.0
SAC_MT10_seed10,drawer-open-v3,100.0
SAC_MT10_seed10,drawer-close-v3,100.0
SAC_MT10_seed10,button-press-topdown-v3,100.0
SAC_MT10_seed10,peg-insert-side-v3,0.0
SAC_MT10_seed10,window-open-v3,100.0
SAC_MT10_seed10,window-close-v3,100.0
SAC_MT10_seed2,reach-v3,100.0
SAC_MT10_seed2,push-v3,94.0
SAC_MT10_seed2,pick-place-v3,70.0
SAC_MT10_seed2,door-open-v3,100.0
SAC_MT10_seed2,drawer-open-v3,100.0
SAC_MT10_seed2,drawer-close-v3,100.0
SAC_MT10_seed2,button-press-topdown-v3,100.0
SAC_MT10_seed2,peg-insert-side-v3,0.0
SAC_MT10_seed2,window-open-v3,100.0
SAC_MT10_seed2,window-close-v3,100.0
SAC_MT10_seed3,reach-v3,100.0
SAC_MT10_seed3,push-v3,80.0
SAC_MT10_seed3,pick-place-v3,60.0
SAC_MT10_seed3,door-open-v3,100.0
SAC_MT10_seed3,drawer-open-v3,100.0
SAC_MT10_seed3,drawer-close-v3,100.0
SAC_MT10_seed3,button-press-topdown-v3,100.0
SAC_MT10_seed3,peg-insert-side-v3,0.0
SAC_MT10_seed3,window-open-v3,100.0
SAC_MT10_seed3,window-close-v3,100.0
SAC_MT10_seed4,reach-v3,96.0
SAC_MT10_seed4,push-v3,92.0
SAC_MT10_seed4,pick-place-v3,8.0
SAC_MT10_seed4,door-open-v3,100.0
SAC_MT10_seed4,drawer-open-v3,100.0
SAC_MT10_seed4,drawer-close-v3,100.0
SAC_MT10_seed4,button-press-topdown-v3,100.0
SAC_MT10_seed4,peg-insert-side-v3,0.0
SAC_MT10_seed4,window-open-v3,98.0
SAC_MT10_seed4,window-close-v3,100.0
SAC_MT10_seed5,reach-v3,98.0
SAC_MT10_seed5,push-v3,92.0
SAC_MT10_seed5,pick-place-v3,70.0
SAC_MT10_seed5,door-open-v3,100.0
SAC_MT10_seed5,drawer-open-v3,98.0
SAC_MT10_seed5,drawer-close-v3,100.0
SAC_MT10_seed5,button-press-topdown-v3,100.0
SAC_MT10_seed5,peg-insert-side-v3,0.0
SAC_MT10_seed5,window-open-v3,100.0
SAC_MT10_seed5,window-close-v3,100.0
SAC_MT10_seed6,reach-v3,96.0
SAC_MT10_seed6,push-v3,90.0
SAC_MT10_seed6,pick-place-v3,10.0
SAC_MT10_seed6,door-open-v3,100.0
SAC_MT10_seed6,drawer-open-v3,96.0
SAC_MT10_seed6,drawer-close-v3,100.0
SAC_MT10_seed6,button-press-topdown-v3,100.0
SAC_MT10_seed6,peg-insert-side-v3,0.0
SAC_MT10_seed6,window-open-v3,100.0
SAC_MT10_seed6,window-close-v3,84.0
SAC_MT10_seed7,reach-v3,100.0
SAC_MT10_seed7,push-v3,84.0
SAC_MT10_seed7,pick-place-v3,16.0
SAC_MT10_seed7,door-open-v3,100.0
SAC_MT10_seed7,drawer-open-v3,100.0
SAC_MT10_seed7,drawer-close-v3,100.0
SAC_MT10_seed7,button-press-topdown-v3,100.0
SAC_MT10_seed7,peg-insert-side-v3,0.0
SAC_MT10_seed7,window-open-v3,100.0
SAC_MT10_seed7,window-close-v3,100.0
SAC_MT10_seed8,reach-v3,96.0
SAC_MT10_seed8,push-v3,96.0
SAC_MT10_seed8,pick-place-v3,62.0
SAC_MT10_seed8,door-open-v3,100.0
SAC_MT10_seed8,drawer-open-v3,100.0
SAC_MT10_seed8,drawer-close-v3,100.0
SAC_MT10_seed8,button-press-topdown-v3,98.0
SAC_MT10_seed8,peg-insert-side-v3,0.0
SAC_MT10_seed8,window-open-v3,100.0
SAC_MT10_seed8,window-close-v3,100.0
SAC_MT10_seed9,reach-v3,100.0
SAC_MT10_seed9,push-v3,80.0
SAC_MT10_seed9,pick-place-v3,18.0
SAC_MT10_seed9,door-open-v3,100.0
SAC_MT10_seed9,drawer-open-v3,98.0
SAC_MT10_seed9,drawer-close-v3,100.0
SAC_MT10_seed9,button-press-topdown-v3,100.0
SAC_MT10_seed9,peg-insert-side-v3,8.0
SAC_MT10_seed9,window-open-v3,100.0
SAC_MT10_seed9,window-close-v3,100.0
