--- TASK PERFORMANCE (Seed-to-Seed Stability) ---
Task,Mean_SR,Seed_to_Seed_STD
button-press-topdown-v3,99.8,0.6324555320336749
door-open-v3,100.0,0.0
drawer-close-v3,100.0,0.0
drawer-open-v3,99.2,1.3984117975602037
peg-insert-side-v3,0.8,2.5298221281347035
pick-place-v3,42.2,30.4112552263869
push-v3,89.2,6.408327915038889
reach-v3,98.6,1.8973665961010282
window-close-v3,98.4,5.059644256269405
window-open-v3,99.8,0.6324555320336762

--- SEED PERFORMANCE (Task-to-Task Consistency) ---
Seed,Average_SR,Task_to_Task_STD
SAC_MT10_seed1,80.6,37.760061205223465
SAC_MT10_seed10,88.6,31.35531144089555
SAC_MT10_seed2,86.4,31.7742033731768
SAC_MT10_seed3,84.0,32.38655413730965
SAC_MT10_seed4,79.4,39.867001113424344
SAC_MT10_seed5,85.8,31.544677311183047
SAC_MT10_seed6,77.6,38.68735078951661
SAC_MT10_seed7,80.0,38.45921360494922
SAC_MT10_seed8,85.2,32.1275236795147
SAC_MT10_seed9,80.4,36.133087330035885

TOTAL ENSEMBLE MEAN,82.8
