Seed,Task,Success_Rate
SAC_MT3_seed1,reach-v3,96.0
SAC_MT3_seed1,push-v3,90.0
SAC_MT3_seed1,pick-place-v3,94.0
SAC_MT3_seed10,reach-v3,96.0
SAC_MT3_seed10,push-v3,98.0
SAC_MT3_seed10,pick-place-v3,96.0
SAC_MT3_seed2,reach-v3,94.0
SAC_MT3_seed2,push-v3,96.0
SAC_MT3_seed2,pick-place-v3,92.0
SAC_MT3_seed3,reach-v3,98.0
SAC_MT3_seed3,push-v3,98.0
SAC_MT3_seed3,pick-place-v3,98.0
SAC_MT3_seed4,reach-v3,94.0
SAC_MT3_seed4,push-v3,100.0
SAC_MT3_seed4,pick-place-v3,90.0
SAC_MT3_seed5,reach-v3,94.0
SAC_MT3_seed5,push-v3,92.0
SAC_MT3_seed5,pick-place-v3,98.0
SAC_MT3_seed6,reach-v3,76.0
SAC_MT3_seed6,push-v3,94.0
SAC_MT3_seed6,pick-place-v3,98.0
SAC_MT3_seed7,reach-v3,94.0
SAC_MT3_seed7,push-v3,90.0
SAC_MT3_seed7,pick-place-v3,96.0
SAC_MT3_seed8,reach-v3,100.0
SAC_MT3_seed8,push-v3,98.0
SAC_MT3_seed8,pick-place-v3,98.0
SAC_MT3_seed9,reach-v3,90.0
SAC_MT3_seed9,push-v3,92.0
SAC_MT3_seed9,pick-place-v3,88.0
