--- TASK PERFORMANCE (Seed-to-Seed Stability) ---
Task,Mean_SR,Seed_to_Seed_STD
pick-place-v3,94.8,3.675746333890726
push-v3,94.8,3.675746333890726
reach-v3,93.2,6.613118276073196

--- SEED PERFORMANCE (Task-to-Task Consistency) ---
Seed,Average_SR,Task_to_Task_STD
SAC_MT3_seed1,93.33333333333333,3.0550504633038935
SAC_MT3_seed10,96.66666666666667,1.1547005383792526
SAC_MT3_seed2,94.0,2.0
SAC_MT3_seed3,98.0,0.0
SAC_MT3_seed4,94.66666666666667,5.033222956847168
SAC_MT3_seed5,94.66666666666667,3.0550504633038913
SAC_MT3_seed6,89.33333333333333,11.718930554164633
SAC_MT3_seed7,93.33333333333333,3.055050463303895
SAC_MT3_seed8,98.66666666666667,1.1547005383792526
SAC_MT3_seed9,90.0,2.0

TOTAL ENSEMBLE MEAN,94.26666666666667
